<?xml version="1.0" encoding="UTF-8"?>
<project-private xmlns="http://www.netbeans.org/ns/project-private/1">
    <editor-bookmarks xmlns="http://www.netbeans.org/ns/editor-bookmarks/2" lastBookmarkId="0"/>
    <open-files xmlns="http://www.netbeans.org/ns/projectui-open-files/2">
        <group>
            <file>file:/C:/Users/pedro/Documents/NetBeansProjects/Projeto7_M1_99-Inscricao/web/inscricao/inscricao.jsp</file>
            <file>file:/C:/Users/pedro/Documents/NetBeansProjects/Projeto7_M1_99-Inscricao/web/index.html</file>
            <file>file:/C:/Users/pedro/Documents/NetBeansProjects/Projeto7_M1_99-Inscricao/src/java/util/ConexaoDB.java</file>
            <file>file:/C:/Users/pedro/Documents/NetBeansProjects/Projeto7_M1_99-Inscricao/src/java/model1/Dados.java</file>
            <file>file:/C:/Users/pedro/Documents/NetBeansProjects/Projeto7_M1_99-Inscricao/web/inscricao/index_inscricao.html</file>
            <file>file:/C:/Users/pedro/Documents/NetBeansProjects/Projeto7_M1_99-Inscricao/src/java/model/dao/DadosDAO.java</file>
        </group>
    </open-files>
</project-private>
